R,a0,a2,a4,b3,b5,E
1.13,0.40994981412639403,-0.041856549776951676,0.0020856299591078065,-0.0028639765148698888,0.0002663632682156134,86.46450288104089
1.1284393063583822,0.41000000000000003,-0.041769181502890204,0.002076671849710986,-0.002861591271676302,0.0002654377514450871,86.46480578034682
1.125,0.41011495363214834,-0.04157474333462133,0.0020568020991112834,-0.0028561991383307572,0.00026336821416151474,86.46593680448223
1.12,0.41030760301799185,-0.04128996123041207,0.0020275886825304704,-0.0028483610737086475,0.0002603234033662217,86.46499059779455
1.115,0.41052606084092225,-0.04099629476845572,0.0019976195824452626,-0.0028400489381902733,0.0002571380452431699,86.46667586708003
1.11,0.41077139530370654,-0.04069789857364642,0.001967198116631089,-0.002831538750242577,0.0002538761344847662,86.46587336503008
1.105,0.4110437317784256,-0.04038841344023324,0.0019359244198250726,-0.0028223693965014575,0.00025043892827988337,86.46796052478135
1.1,0.4113441697488808,-0.04007902531633248,0.0019043907854779036,-0.0028133959801440534,0.0002469989535721236,86.46696736422035
1.095,0.4116738155585884,-0.039759778056151295,0.001872039732891401,-0.0028038731351140572,0.00024340265012673027,86.46872917722753
1.09,0.41203182972075764,-0.03943090556531927,0.001839030765475493,-0.0027937531409880883,0.00023965479232571763,86.46828079476664
1.085,0.4124198279233477,-0.039088781795072344,0.001805084801525224,-0.0027827920668752446,0.00023569987583105188,86.4709074403598
1.08,0.41283839373163567,-0.03875106530852106,0.0017710164838393725,-0.002772417504407444,0.00023180720411361403,86.46982133202742
1.075,0.41328820875024525,-0.03840253514812634,0.0017360952079654688,-0.002761404005297233,0.00022774321493035103,86.47170436531292
1.07,0.41377063679245285,-0.03803671989976415,0.001700206073113207,-0.002749148484669811,0.00022341126415094333,86.47160191627358
1.065,0.4142852923803899,-0.037671956556408724,0.001663904988186649,-0.002737269878913172,0.0002190879958653276,86.47346355581806
1.06,0.41483336619996064,-0.03728504324590809,0.001626475551173337,-0.002723700942614869,0.00021442475941628854,86.47368006310391
1.0585702199661597,0.415,-0.03716994593908633,0.0016154840609137093,-0.0027195138494077852,0.00021302241708967903,86.47471489001691
1.055,0.41543317593923224,-0.036880765048244696,0.0015878045493738437,-0.0027090286748101,0.00020949095083145125,86.4755989940464
1.05,0.41607568901686554,-0.03648785726038667,0.0015490958700123398,-0.002695686750308515,0.00020472057054709983,86.47189543397778
1.045,0.4167556150834535,-0.036076611982278996,0.001509250770657325,-0.0026810458077477844,0.00019966545343086747,86.47178034205646
1.04,0.417474705760892,-0.03564456529010943,0.0014683223993392522,-0.002664820305595705,0.00019429242122651243,86.4692485649391
1.035,0.4182333471245345,-0.03520582705833677,0.0014266547393462963,-0.002648338260239967,0.00018881219673148522,86.46930630947456
1.03,0.41903296019900493,-0.03475137618159204,0.0013840723818407965,-0.0026307279757462687,0.00018309132307213935,86.46626638681593
1.025,0.41987435098650044,-0.03428236609553478,0.0013405038390446522,-0.002612135144340602,0.0001771456446521288,86.46651611630323
1.0242882352941174,0.42,-0.03421427299999998,0.0013342002941176454,-0.002609411035294117,0.00017627846941176449,86.46602952941177
1.02,0.42078930272845394,-0.033789712429623205,0.0012955061671719348,-0.0025917792269380684,0.00017084324112169754,86.46582074491121
1.015,0.42175564236111107,-0.033277802343749996,0.0012493060503472218,-0.002570023901909722,0.00016424902408854162,86.46915902777778
1.01,0.4227691973025886,-0.03274595542745269,0.0012021266434631285,-0.002546683558842724,0.00015736162910593872,86.46938455514466
1.005,0.42383148027032924,-0.03218529402659688,0.0011536411270983199,-0.002520929775452365,0.00015005491410507933,86.47422790494878
1.0,0.42494427447552446,-0.03163144007867133,0.0011046857812500002,-0.0024963240286276223,0.0001428257330638112,86.47334913680069
0.9997601128880528,0.42500000000000004,-0.03160270973659454,0.0011022619543744122,-0.0024949456585136405,0.00014244833678269048,86.47361072436499
0.9950000000000001,0.42615446041524074,-0.031025584451289074,0.0010534484525439197,-0.002467315714122747,0.00013484669085101527,86.47443335614875
0.99,0.4274233760292772,-0.0304248598810613,0.001001581855558097,-0.0024393857387923147,0.00012691593492680694,86.46908945562672
0.985,0.4287488532110092,-0.029789115286697244,0.0009483018410550454,-0.002408390360091743,0.00011848957499999992,86.46865183486237
0.9804805302402652,0.43,-0.029193504722452367,0.0008991585700082853,-0.002378659362054681,0.00011057302319801165,86.4646162386081
0.9799999999999999,0.43013902205177373,-0.02912722881112175,0.000893825261265579,-0.002375220527325023,0.00010969152579098737,86.46463633748802
0.975,0.4316466346153846,-0.02841366310096154,0.0008371084266826923,-0.002337506394230769,0.00010017688365384617,86.46915408653847
0.97,0.4332204002893658,-0.027669590933204723,0.0007792733807571737,-0.0022970557053291537,9.025229110200142e-05,86.46987468049191
0.965,0.43486215235792025,-0.02687900380894799,0.0007200850958887537,-0.002252125481257557,7.972221873035049e-05,86.47652568319226
0.9645963172804534,0.435,-0.026815826203966022,0.0007152325410764883,-0.0022486304178470267,7.887639405099166e-05,86.47649723796033
0.96,0.43664345403899724,-0.02608305222841225,0.0006588651935933145,-0.0022081007799442894,6.903962548746511e-05,86.47020682451253
0.955,0.43850736788617894,-0.025234613363821122,0.0005961292381859745,-0.00215901519308943,5.768128191056887e-05,86.46921431656503
0.9511576193590582,0.44000000000000006,-0.024554630346631776,0.0005469897259646821,-0.0021187046762589927,4.858998423806397e-05,86.4650135382603
0.9500000000000001,0.4404713715046604,-0.02433824492676433,0.0005319005555259666,-0.0021053821677762996,4.571276348868199e-05,86.46516362183755
0.945,0.44258887997861546,-0.023370244373162232,0.00046538756602512537,-0.002044883457631648,3.284998095428996e-05,86.47056909917133
0.94,0.44479731543624157,-0.022349826577181216,0.0003978027489932893,-0.0019790320510067122,1.9378646840268603e-05,86.47212367785235
0.9395579625292739,0.445,-0.0222548718969555,0.00039173518881733,-0.001972718946135831,1.813376369437935e-05,86.47285225409836
0.935,0.4471948125176205,-0.0212536348181562,0.0003276024813927272,-0.0019061988356357494,4.9728919622217775e-06,86.47272011559065
0.93,0.44970546587369026,-0.020135723307844786,0.00025568448683092497,-0.0018321025120362493,-9.762971028037621e-06,86.46488303596715
0.9294353963083607,0.45,-0.020002523995656916,0.000247442489685126,-0.0018230048968512498,-1.1503526275786943e-05,86.46473876221498
0.925,0.45243372058385467,-0.018888892895442353,0.0001817129593386949,-0.0017442134941912416,-2.587808631218358e-05,86.47032046470062
0.9205106826472121,0.45500000000000007,-0.017701448957790505,0.00011449475924960843,-0.001657899299114121,-4.1027247707139304e-05,86.4722776706618
0.92,0.4553076923076923,-0.017560191538461542,0.00010667447692307723,-0.0016474843846153852,-4.282034538461532e-05,86.47167307692308
0.915,0.4584385854120619,-0.016126076555099466,2.881472576570906e-05,-0.00154044840858857,-6.092571127249759e-05,86.47058230186296
0.9126041666666667,0.46,-0.01542400833333333,-9.371843750000256e-06,-0.0014880663541666664,-6.98063864583334e-05,86.46606666666668
0.9099999999999999,0.4617922640880294,-0.01459033676225405,-5.073464671557353e-05,-0.0014226549366455458,-8.002851247082402e-05,86.46701670556851
0.9055255813953489,0.4650000000000001,-0.013102524139534864,-0.0001230715820465126,-0.0013046778279069751,-9.81659485581398e-05,86.47304232558139
0.9050000000000001,0.4653987297106563,-0.01291819029640086,-0.00013172799710656262,-0.001289815596330276,-0.0001003869669019053,86.47277734650669
0.9,0.469344116601493,-0.011076332438677578,-0.00021436433963739718,-0.0011382948240312844,-0.00012222729260575883,86.46537070742978
0.8992006065857885,0.47,-0.010770653940641231,-0.00022776099111785153,-0.0011128903182409,-0.00012582114861351836,86.46498355719238
0.895,0.4736584905660377,-0.008999092341509436,-0.0002958520798113206,-0.0009582035922641513,-0.00014560222603773583,86.47467186792453
0.8935199833472107,0.475,-0.008358744922980856,-0.0003204613590757699,-0.0009022613728143221,-0.00015275909866777678,86.4753979808493
0.89,0.47839558232931734,-0.006772649937750976,-0.000381405836746989,-0.000763585082530118,-0.00017051211686747018,86.46663014056224
0.8884013605442178,0.48,-0.0060075890476190665,-0.00040856333333333275,-0.0006949831496598657,-0.00017880553401360523,86.46561496598639
0.885,0.48364493996569474,-0.0041957618096054635,-0.000462161689536879,-0.0005243475934819874,-0.00019702778987993163,86.47476089193825
0.8837841477491344,0.485,-0.0035304364313197543,-0.00048183639053482055,-0.0004616590530973466,-0.0002037240098114658,86.47569234320892
0.88,0.4895197610294118,-0.0013572548230698363,-0.0005460596456801475,-0.00025673270404411605,-0.00022562316360294135,86.46503391544118
0.8796132494448557,0.49,-0.001122156938193946,-0.0005523747707253882,-0.00023409104907476096,-0.0002279007947816431,86.46472100296077
0.8758635863586359,0.495,0.0013776827821782064,-0.0006092122799779976,1.4424262046203499e-05,-0.0002505783998899889,86.47206501650165
0.875,0.49624208860759494,0.0020012214556962065,-0.0006218993631329115,7.754388924050675e-05,-0.0002559921305379747,86.47140601265824
0.8724867724867725,0.5,0.0038999318518518422,-0.0006575390476190474,0.0002720009312169302,-0.00027198493650793643,86.46646402116401
0.8699999999999999,0.504033180778032,0.005984809856979434,-0.0006871785692219683,0.0004925420337528635,-0.0002878883615560643,86.46923981693365
0.8694265354597897,0.505,0.006492040493722421,-0.0006931760897522904,0.0005470880317271792,-0.0002915288025110281,86.4712200542925
0.8666946872898454,0.51,0.009063729438466684,-0.0007238855114324141,0.0008235504428379257,-0.00031007314828513776,86.46734172831202
0.865,0.5133985165205666,0.010900326213755956,-0.0007320327157788269,0.001030951327376945,-0.00032058042717464635,86.47459349291975
0.8642313915857605,0.515,0.01175918410194176,-0.0007358325283171521,0.0011279635250809074,-0.0003254955558252428,86.47620088996764
0.8620429762668378,0.52,0.014365534958306586,-0.00075034141533034,0.0014203500609364956,-0.000341068635663887,86.46621824887748
0.8600714966634891,0.525,0.01709845305052428,-0.000745063820781697,0.001741538841754048,-0.00035297820495710196,86.46992430886559
0.86,0.5252010723860593,0.017207627345844634,-0.0007447292520107237,0.0017544620375335275,-0.00035342649865951803,86.46967882037534
0.8583577981651377,0.53,0.019813485412844015,-0.0007350092715596332,0.002064186688073392,-0.0003637023256880734,86.46597651376146
0.8568369202788724,0.5349999999999999,0.02265251529251283,-0.0007031949696877847,0.0024164696453470684,-0.000369764496514095,86.4746476659594
0.8555016521477921,0.54,0.025413900675878662,-0.0006757673191649142,0.0027567568383899087,-0.00037659815980775006,86.46880838089518
0.855,0.5421520618556701,0.026636015721649472,-0.0006568410025773199,0.002912020631443297,-0.0003779149239690721,86.47011778350516
0.8543609022556391,0.545,0.02825737293233082,-0.0006303808909774438,0.0031189610526315783,-0.00037928787969924814,86.47096353383458
0.8533963886500431,0.55,0.031143020550300913,-0.0005730619948409294,0.003494478839208938,-0.0003788968357695615,86.46776242476354
0.8525887531951151,0.555,0.03411465817949444,-0.000495922285430276,0.0038933330318091427,-0.00037338941309287145,86.47336966770804
0.8519298986486487,0.56,0.03700830510979729,-0.0004251689273648651,0.004278792989864864,-0.00036934694045608106,86.46632989864864
0.8514122243929669,0.565,0.04001265184203173,-0.0003299417442087668,0.004693428356126139,-0.00035869490120011215,86.46952252302539
0.851030428769018,0.57,0.04300859806362377,-0.0002305291085753812,0.0051100070816044235,-0.0003466744633471647,86.46544073305671
0.8507785087719297,0.575,0.04609930416666669,-0.00010728294188596397,0.005553098991228074,-0.0003277010570175437,86.47005010964912
0.8506494565217392,0.5800000000000001,0.04913680986413048,1.2061434239131559e-05,0.005987412081521745,-0.00030967025081521734,86.46506894021739
0.8506384698275861,0.585,0.052275528017241425,0.00015768138927801977,0.006450283685344835,-0.0002835927246767236,86.46889261853451
0.8507409879839787,0.59,0.05538578651535378,0.0003035099218958598,0.006910009359145524,-0.0002572201401869162,86.46517062750334
0.8509489147697195,0.595,0.05859993658020115,0.00047782318700370467,0.007399627337215456,-0.00022162886791953434,86.47006315510852
0.8512598425196851,0.6,0.06174875354330705,0.0006444465669291314,0.007876587795275586,-0.0001883327559055124,86.46572283464566
0.8516679677335415,0.605,0.06498756202185793,0.0008380082641165759,0.008380405139214156,-0.00014599852170179542,86.46896718709341
0.852169202992004,0.61,0.06821645625483624,0.0010349818710343067,0.008885268405984012,-0.00010222375156048447,86.46674273923136
0.8527590176515731,0.615,0.07149080230237918,0.0012504390061396826,0.009405880429777448,-5.2030780698387036e-05,86.46930360706065
0.8534339335531322,0.62,0.07477941557189952,0.0014747707177276141,0.009933793182855684,1.650436317523506e-06,86.46810864823738
0.8541888832997989,0.625,0.07805853233148888,0.0017066250980885258,0.010462417655935603,5.750767752766463e-05,86.50391678822936
0.8550000000000001,0.6298716012084593,,,,,
0.8550217948717949,0.63,,,,,
0.8559521993389271,0.635,,,,,
0.8569553706505295,0.64,,,,,
0.8580265132566283,0.645,,,,,
0.8591629464285715,0.65,,,,,
0.8600000000000001,0.653482972136223,,,,,
0.8603715874620828,0.6549999999999999,,,,,
0.861664577588368,0.66,,,,,
0.8630166625217608,0.665,,,,,
0.8644238835430545,0.67,,,,,
0.865,0.6719638351555929,,,,,
0.8659072631314402,0.675,,,,,
0.8674588733798603,0.68,,,,,
0.869060103883255,0.685,,,,,
0.87,0.6878400597907324,,,,,
0.870727959697733,0.69,,,,,
0.8724662668665667,0.6949999999999998,,,,,
0.8742488844819039,0.7,,,,,
0.875,0.7020486815415821,,,,,
0.876101994445847,0.705,,,,,
0.8780165289256199,0.71,,,,,
0.8799701863354038,0.715,,,,,
0.88,0.7150743034055725,,,,,
0.8820123956488743,0.72,,,,,
0.8840913654618474,0.725,,,,,
0.885,0.7271394799054374,,,,,
0.8862362707535122,0.73,,,,,
0.8884389254941714,0.735,,,,,
0.89,0.7384861346915677,,,,,
0.8906899664689194,0.74,,,,,
0.8930135584548478,0.745,,,,,
0.895,0.7492178164041281,,,,,
0.8953749023691748,0.75,,,,,
0.8978163739669421,0.755,,,,,
0.9,0.7594197595399896,,,,,
0.9002916447714135,0.76,,,,,
0.9028491401771757,0.765,,,,,
0.905,0.7691607862903226,,,,,
0.9054412934004771,0.77,,,,,
0.9081111987381705,0.775,,,,,
0.91,0.7784997564539698,,,,,
0.9108235294117648,0.78,,,,,
0.9136055143160128,0.785,,,,,
0.915,0.7874799622819425,,,,,
0.9164410892423833,0.7899999999999999,,,,,
0.9193303929430634,0.795,,,,,
0.92,0.7961448811700184,,,,,
0.922292742593096,0.8,,,,,
0.925,0.8045170068027212,,,,,
0.9252942801878972,0.805,,,,,
0.9283785264311148,0.81,,,,,
0.93,0.8126067811536768,,,,,
0.9315130846325167,0.815,,,,,
0.9346992273730685,0.82,,,,,
0.935,0.8204668094218415,,,,,
0.937969144460028,0.825,,,,,
0.94,0.8280795406210123,,,,,
0.9412870581527936,0.83,,,,,
0.9446624293785311,0.835,,,,,
0.945,0.835495234148363,,,,,
0.9481199770378874,0.8399999999999999,,,,,
0.95,0.842696582955949,,,,,
0.9516316710411199,0.845,,,,,
0.955,0.849727793696275,,,,,
0.955197037037037,0.8499999999999999,,,,,
0.9588494276489579,0.855,,,,,
0.96,0.8565654952076678,,,,,
0.9625641025641025,0.86,,,,,
0.9650000000000001,0.863244638602065,,,,,
0.9663389881853984,0.865,,,,,
0.97,0.869772906793049,,,,,
0.9701769230769229,0.87,,,,,
0.9741026812918953,0.875,,,,,
0.975,0.876136626785025,,,,,
0.9780971534653464,0.88,,,,,
0.98,0.8823617511520738,,,,,
0.9821590194846009,0.8850000000000001,,,,,
0.985,0.8884543370271303,,,,,
0.9862910947973188,0.8899999999999999,,,,,
0.99,0.8944182509505703,,,,,
0.9904959481361427,0.895,,,,,
0.9947803078896729,0.9,,,,,
0.995,0.9002549311499815,,,,,
0.9991530944625409,0.905,,,,,
1.0,0.9059633197480548,,,,,
1.003602843915344,0.9099999999999999,,,,,
1.005,0.9115584655108815,,,,,
1.0081329751511081,0.915,,,,,
1.01,0.9170418655894235,,,,,
1.012746334810774,0.9199999999999999,,,,,
1.015,0.9224177029992685,,,,,
1.0174437521633781,0.925,,,,,
1.02,0.9276893663510561,,,,,
1.0222302284710019,0.9300000000000002,,,,,
1.025,0.9328581791802686,,,,,
1.027106671423475,0.935,,,,,
1.03,0.9379288551823763,,,,,
1.032077145961608,0.94,,,,,
1.035,0.9429039222741993,,,,,
1.0371423317396102,0.9450000000000001,,,,,
1.04,0.9477849462365591,,,,,
1.0423076923076922,0.95,,,,,
1.045,0.9525740806854693,,,,,
1.0475748389541493,0.955,,,,,
1.05,0.9572759601706969,,,,,
1.0529472874182377,0.96,,,,,
1.055,0.9618905031892275,,,,,
1.0584263959390863,0.965,,,,,
1.06,0.9664225202965054,,,,,
1.0640186360031723,0.97,,,,,
1.065,0.9708705592683783,,,,,
1.069724346076459,0.9749999999999999,,,,,
1.07,0.9752400981423064,,,,,
1.075,0.979523556500177,,,,,
1.0755646515533166,0.98,,,,,
1.08,0.9837279463655609,,,,,
1.0815366581415176,0.9850000000000001,,,,,
1.085,0.9878578965881111,,,,,
1.0876363636363637,0.99,,,,,
1.09,0.9919131044148564,,,,,
1.0938708260105448,0.9949999999999999,,,,,
1.095,0.9958976597974153,,,,,
1.1,0.9998094565984473,,,,,
1.1002478201009638,1.0,,,,,
1.105,1.00364099859353,,,,,
1.1068018648018652,1.005,,,,,
1.11,1.007403644008409,,,,,
1.113506862281117,1.01,,,,,
1.115,1.0111019909186167,,,,,
1.12,1.0147336860670193,,,,,
1.1203735774369126,1.015,,,,,
1.125,1.0182853127196063,,,,,
1.12745102963335,1.02,,,,,
1.13,1.0217775831873905,,,,,
1.1346962736089843,1.025,,,,,
1.135,1.025207751396648,,,,,
1.14,1.0285618611209022,,,,,
1.1421794871794875,1.03,,,,,
1.145,1.0318545837723918,,,,,
1.1498589256646772,1.035,,,,,
1.15,1.0350910364145658,,,,,
1.155,1.0382508833922262,,,,,
1.1578140989198409,1.04,,,,,
1.16,1.0413538732394365,,,,,
1.165,1.0443976545842215,,,,,
1.1660101311084625,1.045,,,,,
1.17,1.0473707507082153,,,,,
1.1744972743791642,1.05,,,,,
1.175,1.0502929756441934,,,,,
1.18,1.0531428062678063,,,,,
1.183315321042594,1.055,,,,,
1.185,1.0559403832505323,,,,,
1.19,1.058673469387755,,,,,
1.1924749498997995,1.06,,,,,
1.195,1.0613480741797432,,,,,
1.2,1.0639636559913637,,,,,
1.2020238931834155,1.065,,,,,
1.205,1.0665184653997848,,,,,
1.21,1.0690180831826404,,,,,
1.2120096225018504,1.07,,,,,
1.215,1.0714553314121038,,,,,
1.22,1.0738358154740282,,,,,
1.2225019516003124,1.075,,,,,
1.225,1.0761585807385952,,,,,
1.23,1.0784233576642337,,,,,
1.2335614179719705,1.08,,,,,
1.235,1.0806345454545454,,,,,
1.24,1.082782258064516,,,,,
1.245,1.0848835920177384,,,,,
1.2452855847688122,1.085,,,,,
1.25,1.0869145802650957,,,,,
1.255,1.0888983679525224,,,,,
1.257855769230769,1.09,,,,,
1.26,1.0908240946045824,,,,,
1.265,1.0926908752327746,,,,,
1.27,1.0945084427767353,,,,,
1.271396588486141,1.095,,,,,
1.275,1.096263551401869,,,,,
1.28,1.0979649849397588,,,,,
1.285,1.0996169890026546,,,,,
1.286202380952381,1.1,,,,,
1.29,1.1012051378919532,,,,,
1.295,1.102741628614916,,,,,
1.3,1.1042260536398467,,,,,
1.3027041499330658,1.105,,,,,
1.305,1.1056545801526718,,,,,
1.31,1.1070234435049962,,,,,
1.315,1.108343653250774,,,,,
1.32,1.109610440202571,,,,,
1.3216077170418008,1.11,,,,,
1.325,1.1108187815289097,,,,,
1.33,1.1119718859820382,,,,,
1.335,1.1130738993710692,,,,,
1.34,1.1141238132911393,,,,,
1.344394841269841,1.115,,,,,
1.345,1.1151201733648544,,,,,
1.35,1.1160562822037257,,,,,
1.355,1.1169405664140406,,,,,
1.36,1.1177719791248495,,,,,
1.365,1.1185521001615508,,,,,
1.37,1.119279041429732,,,,,
1.375,1.119953003677973,,,,,
1.3753795379537963,1.12,,,,,
1.38,1.1205695687550854,,,,,
1.385,1.1211333878887069,,,,,
1.39,1.1216426512968298,,,,,
1.395,1.1221005794701986,,,,,
1.4,1.1225052018310446,,,,,
1.405,1.122857740585774,,,,,
1.4100000000000001,1.1231573411863693,,,,,
1.415,1.123403130287648,,,,,
1.42,1.1235963419821353,,,,,
1.425,1.123736639589568,,,,,
1.43,1.1238246669531584,,,,,
1.435,1.123857944732297,,,,,
1.44,1.1238389756944445,,,,,
1.445,1.1237679895333623,,,,,
1.45,1.1236437335670464,0.13793186305872043,0.0029383661108676584,0.010801087335670461,-0.002167437811130588,86.4858717353199
1.455,1.1234669603524228,0.13578843215859016,0.0027688508193832503,0.01053346220264316,-0.0021707114096916284,86.46560400881056
1.46,1.1232367256637168,0.13361842123893802,0.0026020325530973433,0.010259491216814156,-0.002173377334070796,86.46514444690266
1.465,1.1229546465095597,0.1314395762561137,0.002437425409070689,0.009989928550466862,-0.002173773586038238,86.46558863939526
1.47,1.1226194729790087,0.12926853483698086,0.0022781491581063016,0.00972457256364449,-0.0021727702813756156,86.46500247878518
1.475,1.1222331838565023,0.12712141748878916,0.0021270865246636734,0.009468790681614343,-0.0021688825964125556,86.46641560538117
1.48,1.1217950450450451,0.12492726936936936,0.001970564380630631,0.009207961416666667,-0.002165001259009009,86.4647949099099
1.485,1.1213031674208145,0.12276463936651577,0.0018237830995475064,0.0089580370316742,-0.0021581624705882345,86.46543909502262
1.49,1.1207613636363638,0.1205958488636364,0.001679078465909093,0.008709628988636366,-0.0021504995340909092,86.46457511363637
1.495,1.1201665905979006,0.11844864468279317,0.0015416302761296179,0.008470046428571425,-0.002140387151985394,86.46546830214513
1.496294326241135,1.12,0.11788639361702118,0.001505680638297866,0.008407627730496442,-0.0021376563297872335,86.46514113475178
1.5,1.1195164275798242,0.11628291994447011,0.0014043123253123528,0.008229616621934287,-0.002129825064784821,86.46451122165664
1.505,1.1188145048814504,0.11415471478382141,0.001276552050209203,0.0079998880055788,-0.0021168995118549497,86.46588863319386
1.5099999999999998,1.1180587960802613,0.11199591040597294,0.0011466885431637905,0.007767889108726091,-0.0021035502239850666,86.46480765282314
1.515,1.1172539831302717,0.10988708950328016,0.0010278385782567924,0.007548293809746953,-0.002087921658856606,86.46638856607309
1.52,1.1163969896519286,0.10773443085606772,0.0009047237714016924,0.0073244056538099706,-0.0020720018720602066,86.46512060206962
1.525,1.1154910292728988,0.10560385080264392,0.0007878554112370121,0.007108495571293671,-0.0020542375637393746,86.46553035882908
1.5275742574257425,1.115,0.10452037623762375,0.0007310273019801978,0.007000369009900992,-0.002044693267326732,86.46552425742573
1.53,1.1145308760172332,0.10350095356629967,0.0006780433695548107,0.006898981804691239,-0.0020356093920536143,86.4653967927238
1.535,1.1135134486071085,0.10138636546589816,0.0005692573765609988,0.006692516693083576,-0.0020154535926993266,86.46547567243034
1.54,1.1124469623915139,0.09929334778206356,0.0004660010689488867,0.006491100802796523,-0.0019946475843780117,86.46491386210221
1.545,1.1113304305757135,0.09720703797774545,0.00036608700846637384,0.006295005157232703,-0.0019724222568940474,86.46532982583453
1.55,1.1101651287032541,0.09512235094706169,0.0002686044924720741,0.006101026624575037,-0.0019496913307430793,86.46443632831472
1.5506827309236946,1.11,0.09484065903614465,0.0002559695903614493,0.006075487429718883,-0.001946415381526105,86.46451606425703
1.555,1.108941929133858,0.09306223784448808,0.00017721692273621643,0.005913762160433067,-0.0019259211564960602,86.46530290354329
1.56,1.107667818361303,0.0910026458538992,8.803067213721228e-05,0.005728239479269492,-0.0019017625592300073,86.46488975814411
1.565,1.1063440594059406,0.08898492341584158,6.385582985148775e-06,0.005552268336633665,-0.0018764856782178213,86.46639301980197
1.56990072202166,1.105,0.08696781660649834,-7.693260084836892e-05,0.005376160929602905,-0.0018512500361010835,86.46542879061371
1.57,1.1049724034119415,0.08692680205720002,-7.862574128450172e-05,0.0053725859708981345,-0.0018507355494229768,86.46539448068236
1.575,1.1035397784491439,0.0848952094159113,-0.00015785699395770588,0.0052006202618328275,-0.0018238543856998973,86.46546858006042
1.58,1.1020580808080807,0.08288688497474737,-0.00023234347348485176,0.0050333285732323185,-0.0017967243308080786,86.4648321969697
1.585,1.1005316455696204,0.08089762088607597,-0.00030296411645569494,0.004871934151898737,-0.0017687246455696205,86.46536481012657
1.5866908212560387,1.1,0.08021867173913044,-0.0003270506425120767,0.0048170633816425135,-0.0017591197826086957,86.46492946859902
1.5900000000000003,1.098945613134941,0.07890130810672133,-0.00037220135710621033,0.004710531236531549,-0.0017406115187275522,86.46460033350436
1.595,1.0973096707818928,0.07693056800411513,-0.00043671867181070196,0.0045552657716049355,-0.0017118855246913557,86.46539212962962
1.6,1.0956266116554925,0.07497713749355332,-0.0004977576008251691,0.004403557204744711,-0.0016830422331098492,86.46531841155235
1.6018161434977576,1.095,0.07428116838565027,-0.0005179868520179356,0.004351203251121083,-0.0016723915246636774,86.46588587443945
1.605,1.0938865656037635,0.07305540039205428,-0.0005536041327757471,0.00425917022739153,-0.0016535950078410853,86.46630483533716
1.61,1.0920945768928476,0.07109725017029071,-0.0006117951668849907,0.004111895664134133,-0.0016235582315954917,86.46484796960965
1.615,1.0902574881765632,0.06918690620073563,-0.0006636235044666328,0.0039733442117708875,-0.0015932250919600617,86.46512724645297
1.6156862745098037,1.09,0.06892271568627459,-0.0006707875294117626,0.003954242352941183,-0.001589017450980393,86.46496078431372
1.6199999999999999,1.0883608302288452,0.06727878855774354,-0.0007132725811601899,0.0038352245981905318,-0.001563083177221927,86.46471144225652
1.625,1.086416,0.06541693184,-0.0007570542368000002,0.0037051275999999997,-0.0015328307279999997,86.46605352
1.6285637583892618,1.085,0.06407074577181202,-0.0007893167020134246,0.003610979993288586,-0.0015109298456375826,86.46570161073826
1.6300000000000001,1.0844219340896812,0.06352562722852503,-0.000802370918962725,0.00357293201242571,-0.001502045913019988,86.46528438681794
1.635,1.0823687060097456,0.06168208123984836,-0.0008416845230102878,0.0034491998429886273,-0.0014711756388738487,86.46566323768272
1.64,1.0802740097666845,0.05982203190450343,-0.0008814767778079238,0.003324654744981005,-0.0014399565870862703,86.46445206185567
1.6406416772553998,1.08,0.05958767268106743,-0.0008860739021600999,0.0033094676683608705,-0.0014359345933926315,86.4644705844981
1.645,1.0781153846153844,0.058013481923076794,-0.0009149018576923098,0.0032072178846153784,-0.0014092332692307666,86.46545884615384
1.65,1.0759140969162995,0.05619463248898673,-0.0009481700319383268,0.0030894134471365618,-0.001378315914096915,86.46517632158589
1.6520393120393115,1.075,0.05545951339066345,-0.000960826635135134,0.003043037948402954,-0.0013655896928746933,86.46543157248156
1.655,1.073655883993307,0.05439583120468475,-0.0009785209015616306,0.002976461466815387,-0.0013471297852760708,86.46538870607918
1.66,1.0713463687150837,0.05262084418994409,-0.0010057296256983247,0.0028671556648044677,-0.001316191346368714,86.4646423463687
1.662869047619047,1.07,0.051611654285714376,-0.0010202311547619033,0.0028066132142857214,-0.0012983158333333346,86.46474428571429
1.665,1.0689869835880021,0.05086417928692692,-0.0010304031890209404,0.002761346395019804,-0.0012852567855121662,86.46512156196944
1.67,1.0665702947845803,0.049120092176870675,-0.001052695714285715,0.0026569435147392262,-0.0012547029195011323,86.46505164399093
1.6731986143187068,1.065,0.04801009445727476,-0.0010661052193995388,0.0025920354849884495,-0.0012349761547344098,86.46544595842957
1.6750000000000003,1.0641044776119404,0.04738721940298502,-0.00107327104477612,0.002555921716417906,-0.0012238878358208946,86.46539253731345
1.6800000000000002,1.0615842438182863,0.045679714979873415,-0.0010908977803335258,0.0024584865727429513,-0.0011934209631972385,86.46468516388728
1.6830955056179775,1.06,0.044631372303370775,-0.0011008407134831461,0.0024002066910112354,-0.001174467842696629,86.46470955056179
1.685,1.0590128130460104,0.04399428974956312,-0.0011060256290040774,0.0023646319860221284,-0.001163115017472334,86.4651467967385
1.69,1.0563856476079345,0.04231139816219364,-0.0011197025787631275,0.002270864717036171,-0.0011330883693115507,86.4650867269545
1.6926013143483023,1.055,0.04144350728368013,-0.0011260409255202633,0.0022237389101861975,-0.0011174166538882797,86.46545405257393
1.695,1.0537064382752508,0.04064627793857049,-0.0011314112610750153,0.0021808426196101554,-0.0011030077052569384,86.46539477259302
1.7,1.050973372781065,0.0390036669822485,-0.0011407132100591717,0.0020938634704142003,-0.001073292615384615,86.4645752071006
1.7017593582887698,1.05,0.03843073893048132,-0.001143538598930481,0.0020642894331550825,-0.001062819561497327,86.46457593582888
1.705,1.0481845416417015,0.037378716596764464,-0.0011478819772318756,0.0020092474715398415,-0.0010438805212702206,86.46517231875373
1.71,1.045345138055222,0.03577112304921962,-0.0011530322268907564,0.0019263522809123627,-0.0010149256677671054,86.46523787515005
1.7106014644351464,1.045,0.035578316945606675,-0.001153581030334728,0.0019166083158995808,-0.0010114188023012546,86.4653360878661
1.715,1.0424437689969603,0.0341735941033434,-0.0011567984133738602,0.0018462996474164107,-0.0009858593142857129,86.46521656534954
1.7191528925619832,1.04,0.032862105785124,-0.001158519917355372,0.0017816857438016551,-0.0009619978140495873,86.46447623966942
1.72,1.0394950738916255,0.03259535603448273,-0.0011586552709359605,0.0017683427709359596,-0.0009572215406403935,86.46449088669951
1.725,1.0364827373612822,0.031052883816276123,-0.0011574536806411835,0.001693748122688036,-0.0009293978770036976,86.46562379778052
1.7274366767983786,1.035,0.030296084346504572,-0.0011569297771023303,0.00165715337892604,-0.0009157351301925026,86.46568196555218
1.73,1.03341973766396,0.02949466280449718,-0.001156369968769519,0.0016184760243597748,-0.0009012538479075575,86.46508394753279
1.735,1.0303031249999999,0.027969586593749943,-0.0011530235249999998,0.0015476156843749977,-0.0008735272290624989,86.46491668750001
1.7354816285998012,1.03,0.027821929195630618,-0.0011526999404170807,0.0015407642800397239,-0.0008708409960278059,86.46480665342602
1.7399999999999998,1.0271184293856872,0.026454866941102006,-0.0011478068904369858,0.0014767537428752395,-0.0008464083413552888,86.46497631412286
1.7432890855457226,1.025,0.025483857669616507,-0.001142979646017699,0.0014329355162241888,-0.0008289708171091443,86.46576179941003
1.745,1.0238831835686777,0.024975064249037185,-0.0011404528241335042,0.001410014159178432,-0.0008198264634146333,86.4657043003851
1.75,1.0205880462724934,0.023477500964010245,-0.0011331662275064264,0.0013425231523136235,-0.0007928893158740352,86.4645176092545
1.7508849129593809,1.02,0.023217990570599638,-0.001131603844294004,0.0013312159767891697,-0.0007882005928433273,86.46447964216634
1.755,1.0172298177083334,0.02201456363932295,-0.0011233174414062503,0.0012777158105468766,-0.0007668296722005215,86.46529322916668
1.7582806513409963,1.0149999999999997,0.02106526795977002,-0.0011160497222222215,0.001236094315134096,-0.0007500023836206878,86.46548596743294
1.76,1.0138151815181518,0.0205693716831683,-0.0011119879669966996,0.0012145814059405934,-0.0007412198910891085,86.46516303630364
1.7650000000000001,1.0103401585204757,0.019138293031704102,-0.0010996121499339496,0.0011538621202113607,-0.0007157395614266844,86.46487483487451
1.7654853911404336,1.01,0.018998706597549483,-0.0010984055890669179,0.0011479449104618285,-0.0007132531903864278,86.46476116870876
1.77,1.006793842034806,0.01771775408299867,-0.0010855317135207497,0.0010929325702811246,-0.0006908796298527444,86.46504123159303
1.7725070159027128,1.005,0.017012136669784832,-0.0010781184003741816,0.0010632719644527592,-0.0006784967132834421,86.46552535079513
1.775,1.003190767141887,0.016312491751527426,-0.0010704161948404609,0.001034160174813304,-0.0006662357029870998,86.46534243041411
1.779359925788497,1.0,0.015101730148423021,-0.0010562261873840446,0.0009844541512059376,-0.0006450692699443416,86.46445120593692
1.78,0.9995251204404679,0.014924338540949744,-0.0010539879077770128,0.0009769955134205086,-0.0006420242167928421,86.4644949759119
1.785,0.9957891109579597,0.013549305031013047,-0.001036075313576843,0.0009203289331495505,-0.000618324267057201,86.46547374224673
1.7860485347985344,0.9950000000000001,0.013263996978022045,-0.00103217120879121,0.0009087147312271091,-0.0006134201547619058,86.46555805860805
1.79,0.9919846261355694,0.012192026764500317,-0.00101696358490566,0.0008655205352900058,-0.0005950275157232698,86.4647969252271
1.792579473206176,0.99,0.011496803360581322,-0.0010068503124432337,0.0008380498437783847,-0.0005830542824704819,86.46455476839236
1.795,0.9881112686038269,0.010845524617292683,-0.000996761343019135,0.0008116274968107719,-0.0005720467303330968,86.46505885896528
1.7989620938628161,0.9850000000000001,0.009790661416967512,-0.0009797723068592059,0.0007693186796028878,-0.0005542714268953069,86.46545189530687
1.8000000000000003,0.9841726618705037,0.009514939568345319,-0.0009751967697841725,0.000758367920863309,-0.0005496351582733812,86.4652345323741
1.805,0.9801583873290138,0.008194739301655915,-0.0009528880050395977,0.0007068528718502537,-0.0005273646281497488,86.4646816774658
1.8051962533452275,0.98,0.008143372479928638,-0.0009519939723461196,0.0007048677867975023,-0.0005265004482604817,86.46464018733275
1.81,0.976063596491228,0.00688682510964911,-0.0009289241458333331,0.0006549007686403504,-0.0005057639616228068,86.46518728070176
1.8112887511071745,0.975,0.006556497006200184,-0.0009225669818423385,0.0006421187945084148,-0.0005003167621789195,86.46549021257749
1.815,0.9718916913946589,0.005596167255192927,-0.0009040957885756685,0.0006049688316023757,-0.00048447572329376933,86.46512833827893
1.8172457067371202,0.97,0.005012901307793934,-0.0008928795667107004,0.0005824077377807138,-0.0004748533421400266,86.46461525759577
1.8199999999999998,0.967642291745194,0.0043057444214097285,-0.0008782436130795328,0.000554466976818696,-0.00046344795929136826,86.4648979645684
1.823069176882662,0.9649999999999999,0.003523048778458837,-0.0008618175875656741,0.0005240157517513132,-0.0004507964176882661,86.46555345884413
1.8249999999999997,0.9633116385911178,0.0030313589471669326,-0.0008512777170750386,0.0005050403131699851,-0.00044287219601837685,86.46531232771821
1.8287674216027874,0.9599999999999999,0.0020815043815330925,-0.0008304119015679441,0.00046873139111498226,-0.0004276195940766549,86.46446162891985
1.83,0.9588979750778814,0.0017704180580217794,-0.000823260565031152,0.00045646073987538834,-0.00042272301051401827,86.46462040498442
1.8343333333333334,0.955,0.0007025337333333363,-0.0007977851666666669,0.00041558506666666676,-0.00040587570000000006,86.46566000000001
1.835,0.9543908227848101,0.0005364718251582452,-0.0007938258330696206,0.0004092251803797475,-0.00040325559889240533,86.46557816455697
1.839780361757106,0.9499999999999998,-0.0006585197971576432,-0.0007653395064599478,0.000363450785529715,-0.0003844005968992245,86.46441317829455
1.84,0.9497946859903381,-0.0007128728260869571,-0.000763961597826087,0.0003613161376811594,-0.00038356326811594206,86.46444516908213
1.845,0.9450966183574876,-0.0019338958937198478,-0.0007323244541062792,0.00031393000966183397,-0.0003648791183574873,86.46572874396135
1.8451023890784979,0.945,-0.0019589859044368218,-0.0007316748771331068,0.00031295581569965996,-0.00036449512798634873,86.46574488054607
1.85,0.9402950819672129,-0.0031739385901639636,-0.0007002269737704911,0.0002657444393442611,-0.00034590106229508155,86.46446491803279
1.8503056027164686,0.94,-0.003248404091680809,-0.0006982502784380307,0.0002629049269949068,-0.0003447645483870969,86.46441528013582
1.855,0.9353839732888144,-0.004381869474123581,-0.0006664284874791308,0.00021846098247078275,-0.000327887982470784,86.46566552587645
1.8553888419273032,0.935,-0.004476035228233272,-0.0006637849433643289,0.00021476764201183542,-0.0003264859513947596,86.46573055790363
1.86,0.9303613945578231,-0.005607394608843555,-0.000632031202380952,0.0001703395127551013,-0.0003096430624999998,86.46447950680272
1.8603577441077441,0.93,-0.0056936456691919135,-0.0006295580867003369,0.00016700721254208768,-0.0003083631077441078,86.46442146464646
1.865,0.9252209705372617,-0.0068167756412478315,-0.0005960626962738303,0.00012206996503466199,-0.00029204210745233973,86.4657513864818
1.865213567839196,0.925,-0.0068680484798994855,-0.000594513369346734,0.00012002883957286462,-0.00029130014949748766,86.46578932160804
1.8699497487437187,0.9199999999999999,-0.008008318592964839,-0.0005595938542713563,7.481712010050174e-05,-0.0002748749648241204,86.4644025125628
1.87,0.919945897204689,-0.008020470414788088,-0.0005592073264201986,7.431821587015369e-05,-0.00027470354283137973,86.46441244364291
1.8745784641068446,0.915,-0.0091213710308848,-0.0005240064958263776,2.9463461811352504e-05,-0.00025916639607679486,86.46582470784641
1.875,0.9145345622119812,-0.009223183105990856,-0.0005207113248847902,2.5326310092162507e-05,-0.0002577366082949299,86.46573364055297
1.8790897755610971,0.91,-0.010203417730673313,-0.000488624572319202,-1.434138890274309e-05,-0.00024403081296758106,86.46443640897755
1.88,0.9089698965192851,-0.01042278137347131,-0.0004811736533396048,-2.353597309501422e-05,-0.00024102747554092187,86.46465752587018
1.883490488006617,0.905,-0.011252147559966917,-0.0004526004735318443,-5.7963562944582375e-05,-0.00022971991191066994,86.46571980976013
1.8850000000000002,0.9032435033686235,-0.011617170500481288,-0.0004400306400384966,-7.315813026949206e-05,-0.00022474492155919075,86.46534600577479
1.8877805280528053,0.9,-0.012290830280528058,-0.00041683383828382823,-0.00010120851295379547,-0.00021556378465346527,86.4644887788779
1.89,0.8973497536945811,-0.012826596354679826,-0.0003974859556650237,-0.00012422314876847412,-0.00020845033004926076,86.46503605911329
1.89195973705834,0.895,-0.013293210887428101,-0.000380428163927691,-0.00014411570460147902,-0.0002022822140509449,86.4656979868529
1.895,0.8912663975782036,-0.014030846569122145,-0.0003534745373360225,-0.00017566221745711616,-0.00019253582593339996,86.46495393541876
1.8960270049099834,0.89,-0.014280827782324052,-0.00034434075859247155,-0.00018635893289689024,-0.00018923307037643214,86.46459864975449
1.8999836333878886,0.885,-0.015241845581014726,-0.0003075741407528643,-0.00022881486006546642,-0.00017686637970540104,86.46565098199672
1.9,0.8849787685774947,-0.015245867197452228,-0.0003074191231422505,-0.0002289927526539279,-0.00017681488959660294,86.46564469214437
1.9038285714285714,0.8799999999999999,-0.016182425142857164,-0.00027122588571428495,-0.0002702765257142866,-0.00016482509714285686,86.46462971428572
1.9050000000000002,0.878435114503817,-0.01646911145038167,-0.0002596411412213743,-0.0002833311412213731,-0.00016125088167938937,86.46509122137405
1.907560975609756,0.875,-0.017097925609756096,-0.000234232,-0.00031198134146341464,-0.00015341209756097562,86.46584756097562
1.91,0.8716329966329965,-0.01771088602693604,-0.00020946819528619475,-0.0003400207575757583,-0.00014577677441077424,86.4648409090909
1.9111790923824958,0.87,-0.01800375648298217,-0.00019753293679092388,-0.0003533661908427877,-0.000142145914910859,86.4644471636953
1.9146880064829823,0.865,-0.01887810563209077,-0.0001603357524311179,-0.00039453723703403566,-0.0001315854258508913,86.46589064019449
1.915,0.8645416666666668,-0.01895806624999999,-0.0001569419166666671,-0.0003983197583333325,-0.00013061891250000014,86.46578541666668
1.9180815831987077,0.86,-0.019749984046849765,-0.00012333114741518546,-0.0004357982798869144,-0.0001210474204361873,86.46449592084006
1.92,0.8570787207872079,-0.020246139606396055,-0.00010134257287822921,-0.00046004630442804373,-0.00011520465129151303,86.46518874538745
1.9213618049959709,0.855,-0.02059717566478646,-8.575700680902508e-05,-0.000477177464544722,-0.0001110729359387591,86.4658180902498
1.924528605962933,0.8500000000000001,-0.02142860233682512,-4.859531772763986e-05,-0.0005179308976631739,-0.0001013548099919422,86.46458114423852
1.9250000000000003,0.8492282321899733,-0.021555453166226965,-4.273581225593445e-05,-0.000524352033641163,-9.989731167546118e-05,86.46481609498682
1.9275742971887548,0.845,-0.022245415823293167,-1.0724911951807445e-05,-0.0005592947180722891,-9.20032259839358e-05,86.46587128514057
1.93,0.8408686730506152,-0.022908741313269546,2.0268274829003782e-05,-0.0005930579835841344,-8.447319678522515e-05,86.46463454172367
1.93050840672538,0.84,-0.023047509447558033,2.6760405444354933e-05,-0.0006001184623698959,-8.289866112890327e-05,86.46441525220175
1.933321314102564,0.835,-0.023834805208333334,6.490131330128202e-05,-0.0006414463401442308,-7.41251077323718e-05,86.46601606570512
1.935,0.8318870728083212,-0.024317086478454646,8.841775884100872e-05,-0.0006669216196136677,-6.879554383358134e-05,86.46516612184249
1.9360143769968052,0.83,-0.024607607667731634,0.00010263483530351469,-0.00068228039456869,-6.559826597444081e-05,86.46455942492014
1.9385891286970423,0.8250000000000001,-0.02536893529176657,0.00014113640247801672,-0.0007237372330135883,-5.734234848121522e-05,86.46600643485212
1.94,0.8221254071661235,-0.025800594055374628,0.00016307503257329163,-0.0007474053135179174,-5.269386058631886e-05,86.46505887622149
1.94103984063745,0.82,-0.02611847023904382,0.00017924453585657358,-0.0007648388553784861,-4.9272635856573746e-05,86.4644415936255
1.9433665338645416,0.815,-0.02685058207171315,0.0002179584880478089,-0.0008062067390438253,-4.15560701195219e-05,86.46605099601592
1.9450000000000003,0.8112996389891693,-0.027390974007220275,0.00024649422563177204,-0.0008369100342960319,-3.585639927797771e-05,86.46502689530686
1.9455718824463857,0.81,-0.027580716282764088,0.00025651357863383593,-0.0008476943038125497,-3.385524241461488e-05,86.46462140587768
1.9476451869530624,0.8049999999999999,-0.02829627975338107,0.00029576615354017524,-0.0008895422307080361,-2.644507856006362e-05,86.46612064439141
1.9495942720763724,0.8,-0.029001799045346062,0.00033465552983293566,-0.0009311425059665869,-1.9198065393794714e-05,86.4644121718377
1.9499999999999997,0.7988840262582059,-0.02915701553610501,0.00034351703501093957,-0.0009405383807439814,-1.762329746170703e-05,86.46475711159736
1.9514076130055509,0.795,-0.029693697501982547,0.00037423363798572525,-0.0009730790900079303,-1.2196998092783575e-05,86.46604222839017
1.9530927835051548,0.79,-0.030381322680412375,0.00041358555670103125,-0.0010150396907216493,-5.250621443298905e-06,86.46449278350515
1.9546431403647897,0.7849999999999999,-0.03105301046788264,0.0004535889849325938,-0.001057172684377479,1.411952347343487e-06,86.46624286280729
1.955,0.783739495798319,-0.03122255294117652,0.0004636552941176497,-0.0010678596218487422,3.100998235294561e-06,86.46583403361345
1.9560561708860758,0.78,-0.031725467761075946,0.0004935150094936706,-0.0010995657357594937,8.11112280854426e-06,86.46455775316456
1.957329905063291,0.775,-0.03238519750791139,0.000534197033227848,-0.0011422076028481014,1.4603516036392398e-05,86.46628350474683
1.958463974663499,0.77,-0.033036733174980196,0.0005745214584323033,-0.0011847368487727635,2.0967355977830435e-05,86.4644460807601
1.9594541139240504,0.765,-0.03367955601265823,0.0006157307231012656,-0.0012276131250000002,2.721366210443034e-05,86.46622729430379
1.96,0.7617757009345787,-0.03409086168224309,0.0006421369906542116,-0.001255279626168231,3.119748037383268e-05,86.46503925233645
1.9602999210734016,0.76,-0.03431710134175217,0.0006566650947119176,-0.0012705047592738755,3.338839202841354e-05,86.4644089976322
1.9609952606635068,0.755,-0.03494491042654028,0.0006984561777251181,-0.0013136375592417064,3.944567085308051e-05,86.46629976303318
1.9615430149960535,0.75,-0.035567890568271504,0.0007399872726913969,-0.0013568163891081295,4.543697205998419e-05,86.46446172059984
1.961933701657458,0.745,-0.03618058093922651,0.0007823737679558006,-0.0014001530939226525,5.131378674033141e-05,86.46640801104972
1.9621704814522491,0.74,-0.03679199187056038,0.0008246303109707969,-0.001443676329913181,5.719287695343327e-05,86.46446511444357
1.9622454617205998,0.735,-0.0373940544988161,0.0008677927162588793,-0.0014873090213101817,6.299057052091555e-05,86.46646736385162
1.962162588792423,0.73,-0.037990980584056824,0.0009106704901341751,-0.0015310015232833465,6.87172822415154e-05,86.4644865035517
1.9619100236779796,0.725,-0.03857887940015786,0.0009544768117600634,-0.001574754348855564,7.438455363062356e-05,86.46657640094712
1.9614917127071823,0.72,-0.039166009944751376,0.0009981748839779005,-0.001618717900552486,8.006672928176794e-05,86.46445966850828
1.9609029968454257,0.7149999999999999,-0.039742816009463736,0.0010427669984227137,-0.0016626169518927456,8.567982050473197e-05,86.46668611987381
1.9601380126182966,0.71,-0.04031811096214511,0.0010872165063091483,-0.0017067134424290221,9.129576798107256e-05,86.46440552050473
1.96,0.709267782426778,-0.040400932426778266,0.001093863033472805,-0.0017131524476987465,9.211213765690398e-05,86.46473682008369
1.9591936758893276,0.705,-0.04088374557312252,0.0011325957905138333,-0.0017506795612648226,9.687784782608691e-05,86.46672418972331
1.9580671936758893,0.7,-0.04144650703557313,0.001177766600790514,-0.0017948107865612649,0.0001024390043478261,86.46445798418972
1.9567535545023698,0.695,-0.04200172867298578,0.0012239859241706163,-0.0018387827014218006,0.00010802105213270142,86.46681492890994
1.955256511444357,0.69,-0.04255267332280979,0.0012699331886345702,-0.0018828919573796368,0.00011355271586424627,86.46458973954223
1.955,0.689242424242424,-0.042634565151515175,0.0012770348484848508,-0.0018895307575757594,0.00011438762121212144,86.46497878787879
1.9535601265822786,0.685,-0.04309415901898733,0.0013168507753164554,-0.0019267284810126576,0.00011908475949367085,86.4670424050633
1.951667984189723,0.68,-0.043636668932806315,0.0013637430750988138,-0.0019708120948616604,0.00012467945296442686,86.4644333596838
1.95,0.6760113421550096,-0.04406078582230623,0.0014018864650283546,-0.0020056493950850658,0.00012912971455576549,86.46647410207939
1.9495757335448056,0.675,-0.044168027517842975,0.0014115373671689134,-0.002014473628072958,0.00013025513402061854,86.46701697065821
1.9472741679873216,0.67,-0.044697038827258326,0.0014591161014263073,-0.0020583113946117276,0.00013583930110935022,86.46448177496038
1.945,0.6654660347551341,-0.04516608791469197,0.001503065134281203,-0.002097598048973146,0.00014088999684044257,86.46713436018958
1.9447658730158732,0.665,-0.04521444246031746,0.001507589400793651,-0.0021016377380952377,0.00014141232182539684,86.46738829365079
1.9420380650277558,0.66,-0.045733421490880256,0.001556057930214116,-0.002145204599524187,0.00014706983029341795,86.46446114195084
1.94,0.6565363881401619,-0.04608455768194068,0.0015902463611859822,-0.002174947439353098,0.00015098454312668444,86.4663742587601
1.9390937996820348,0.655,-0.04624026693163752,0.0016053958028616852,-0.00218812373608903,0.00015272722496025435,86.46725906200317
1.935921366163622,0.65,-0.04674394114376489,0.001654460333598094,-0.0022312074781572675,0.00015838471683876095,86.46452235901509
1.935,0.6486432748538011,-0.046877894152046795,0.001668041730994153,-0.0022426980058479536,0.0001599358976608188,86.46532333333334
1.932521877486078,0.645,-0.047237550159108986,0.0017045082776451872,-0.0022735576133651554,0.00016410110859188542,86.46737521877486
1.93,0.641527929901424,-0.04757810717415113,0.0017390907283680159,-0.002303112694414019,0.0001680606391018618,86.46530147864183
1.9288884462151392,0.64,-0.047727893904382465,0.0017542872988047806,-0.002316093725099602,0.00016980997529880478,86.46444446215139
1.925011942675159,0.635,-0.04820426445063694,0.0018048129219745222,-0.002357724430732484,0.00017553016640127389,86.46774928343949
1.925,0.6349854932301744,-0.04820564424564794,0.0018049591102514476,-0.0023578457446808486,0.00017554689361702093,86.4677407156673
1.9208891547049443,0.63,-0.04868179908293461,0.0018552907256778313,-0.002399518433014354,0.00018134321172248805,86.46442667464115
1.92,0.6289826642335766,-0.048775996213503654,0.0018657146578467156,-0.0024078262500000004,0.00018252459945255478,86.46505109489051
1.9165135782747602,0.625,-0.04914269792332268,0.0019063629632587857,-0.002440288322683706,0.000187128678913738,86.46784404952076
1.915,0.6233649698015533,-0.049292855910267455,0.0019229942579810154,-0.002453669603106124,0.00018903269456427925,86.46683817946504
1.9118799999999998,0.62,-0.049603254400000005,0.00195728228,-0.002481182,0.00019298532,86.46445639999999
1.9100000000000001,0.6180784955028619,-0.049774516189697464,0.0019771263286999176,-0.0024964707195421093,0.000195237789043336,86.46568740801308
1.9069831730769229,0.615,-0.0500484125,0.0020088353725961536,-0.002520872764423077,0.00019885991947115385,86.46778016826923
1.905,0.6130799069045774,-0.0502178719162141,0.0020285002598913865,-0.002536175663304886,0.00020111558068269952,86.46655193948797
1.9018138041733543,0.61,-0.05048962263242375,0.0020600378812199033,-0.0025607263081861963,0.00020473357624398072,86.4644544141252
1.9,0.6083333333333335,-0.05063178333333332,0.0020773366666666645,-0.002573584999999999,0.00020670216666666643,86.46556666666666
1.8963665594855303,0.605,-0.05091544453376206,0.0021118187781350483,-0.002599183617363344,0.00021065295337620578,86.46793633440515
1.895,0.6038070175438599,-0.05101606017543857,0.0021240845087719265,-0.002608397105263156,0.00021206488771929793,86.46713877192981
1.8906320450885665,0.6,-0.05133704637681159,0.0021632186352657005,-0.0026378044766505637,0.00021657040378421897,86.46441896135265
1.89,0.5994745649263723,-0.05137967720883532,0.002168682269076303,-0.0026417132262382854,0.00021719429016064235,86.46479407630522
1.885,0.5953248492967183,-0.05171354795713327,0.002211597823174813,-0.0026724947789685182,0.0002220932870060278,86.46824986604152
1.884607605177993,0.595,-0.05173980748381876,0.002214961682847896,-0.0026748981189320393,0.00022248016990291262,86.46846468446601
1.8800000000000001,0.591358695652174,-0.052032529347826074,0.00225247456521739,-0.0027019283695652167,0.0002268427282608694,86.4653918478261
1.8782793522267205,0.59,-0.05214082267206478,0.002266389412955465,-0.002711984352226721,0.0002284612186234818,86.46446882591093
1.875,0.5875274725274725,-0.05232829230769231,0.0022918973076923076,-0.002729553846153846,0.00023138654395604396,86.46660274725275
1.8716423357664231,0.585,-0.052520924087591236,0.002318002372262773,-0.0027474472262773724,0.00023440288686131386,86.46838138686131
1.87,0.5838178633975483,-0.0526103866900175,0.0023301385288966706,-0.0027558423117337995,0.0002358210840630471,86.46733975481611
1.865,0.5802222222222221,-0.05287980777777779,0.0023668092222222234,-0.0027813001111111116,0.0002401062777777779,86.46482777777777
1.8646903015484924,0.58,-0.0528965314995925,0.002369077567237164,-0.002782869001629992,0.00024037305419722903,86.46463451507742
1.86,0.5767795187465027,-0.05312535041969779,0.00240210697257974,-0.0028045665780637927,0.0002442008533855621,86.46704079462785
1.8574061990212072,0.575,-0.05325038172920065,0.002420233246329527,-0.0028165158156606856,0.00024630136378466557,86.4687075040783
1.855,0.5734190782422294,-0.053360409163987134,0.002436218601286173,-0.0028271639013933546,0.00024817531725616286,86.4675562165059
1.85,0.5701394849785407,-0.05359008229613734,0.0024694140450643776,-0.0028491438197424893,0.0002520989967811159,86.46451298283262
1.8497870597870598,0.57,-0.05359973775593775,0.0024708152989352987,-0.0028500752170352167,0.00025226473873873873,86.46441064701064
1.8450000000000002,0.5669933127572016,-0.05379432590020576,0.002501075537551441,-0.002869101556069959,0.00025579160725308647,86.46732595164609
1.8418211648892533,0.565,-0.05392414031993438,0.002521145791632486,-0.002881635910582445,0.0002581502641509435,86.46881390484003
1.84,0.5639042448173742,-0.05399469955577492,0.0025320860217176696,-0.002888542640671273,0.0002594519427443237,86.46771860809477
1.835,0.5609016798418974,-0.05418534883893279,0.0025618163092885355,-0.002907399211956521,0.000262991507411067,86.46533036067193
1.8334954657873042,0.56,-0.05424255449299258,0.0025707402473206923,-0.0029130636933223414,0.00026405435037098104,86.4645398186315
1.83,0.5579876601803513,-0.05436112036070242,0.0025906415946843854,-0.0029249018604651164,0.00026640009159943043,86.46621110583769
1.825,0.5551116389548694,-0.054528006864608076,0.0026188435154394303,-0.002941743439429929,0.0002697254655581948,86.46924505938242
1.8248053024026514,0.555,-0.05453452767191384,0.0026199377506213755,-0.0029423922783761393,0.0002698556917978459,86.4693285832643
1.8199999999999998,0.5523528069374715,-0.054686888041989956,0.0026456210611592885,-0.002957810059333638,0.00027295340027384764,86.46647047010497
1.8157255389718077,0.55,-0.05482011177446103,0.0026682422678275287,-0.0029714511111111116,0.0002756834253731343,86.46452823383083
1.815,0.5496160596752963,-0.054839959719175074,0.0026719135914874937,-0.0029735128279947346,0.0002761215660377358,86.46489554629223
1.81,0.5469740887132192,-0.054976416644707954,0.002697165797101449,-0.002987703895476504,0.00027913622002635047,86.46724435660957
1.806257285595337,0.545,-0.05507635982514571,0.0027158410741049124,-0.00299824746877602,0.00028136756619483763,86.46951169858451
1.805,0.5443623310810812,-0.05510800434966215,0.0027218007474662147,-0.0030016611064189185,0.00028208980827702687,86.46900595439189
1.8000000000000003,0.5418316412859561,-0.05523476831641286,0.0027454420516074456,-0.0030150789932318106,0.0002849836945854484,86.46610342639595
1.7963765690376567,0.54,-0.05532466543933054,0.0027623720836820083,-0.003024738376569038,0.0002870581054393305,86.46454493723849
1.795,0.5393304843304844,-0.05535378689458689,0.0027684949002849003,-0.0030279846866096867,0.000287796094017094,86.46530968660969
1.7900000000000003,0.5369030154849227,-0.055459994621026895,0.0027906742135289314,-0.003039666226568867,0.00029048599348003256,86.46746601466992
1.786072329688814,0.535,-0.055541026492851135,0.0028078618124474345,-0.0030487806560134567,0.000292569936921783,86.46974276703111
1.785,0.5344998038446451,-0.05556176049431148,0.0028123144252648075,-0.0030511812475480576,0.00029311828560219677,86.46932979599842
1.7799999999999998,0.5321720345640221,-0.0556594309897879,0.002833014964650431,-0.003062222376276512,0.0002956951692851532,86.46652859387274
1.775329391891892,0.53,-0.05574819011824325,0.0028520934375000006,-0.0030724523141891892,0.00029807373902027026,86.46463353040542
1.775,0.5298524962178517,-0.05575333165658094,0.00285336726172466,-0.003073080450075643,0.0002982298729198185,86.46481077912254
1.77,0.5276193181818183,-0.05583153693181818,0.002872623801136363,-0.003082526727272727,0.0003006030636363635,86.4668759090909
1.765,0.5253905953735306,-0.05590811315889267,0.0028915669283276443,-0.003091763143723929,0.0003029635739476678,86.46902502844142
1.76412265758092,0.525,-0.05592139727427598,0.0028948862350936964,-0.0030933935689948892,0.0003033752461669506,86.46943509369676
1.7600000000000002,0.5232316404822799,-0.05597879159663866,0.0029096557033248087,-0.003100835767263427,0.00030523074333211545,86.46776090610157
1.755,0.5210922063666302,-0.05604666778265641,0.00292724843578485,-0.0031096579747530184,0.0003074653567508231,86.46585142700329
1.7524421593830333,0.52,-0.05608173341902314,0.0029362204113110536,-0.003114120822622108,0.00030861427249357325,86.46452210796915
1.75,0.5189950634696756,-0.05610746763046545,0.00294426971438646,-0.003117746491537377,0.00030962644146685474,86.46549538081806
1.745,0.5169420903954802,-0.05615824420903955,0.0029604369985875706,-0.0031249997033898306,0.0003116779223163842,86.46773848870056
1.7402627045650303,0.515,-0.05620587299741603,0.002975721546080965,-0.0031318893669250647,0.0003136141563307494,86.46984211886304
1.74,0.5148961525366019,-0.05620824201566224,0.0029765218045624793,-0.0031322610112359548,0.0003137171130405176,86.4697368062649
1.735,0.5129253324241391,-0.056250992891237646,0.002991423888510059,-0.003139185109103307,0.000315650394647119,86.46806413228776
1.73,0.5109590443686007,-0.056294988668941975,0.0030062604675767917,-0.0031459697610921504,0.00031760146860068255,86.46544535836178
1.72755652173913,0.51,-0.05631515895652173,0.0030133682956521735,-0.0031492461652173915,0.0003185388660869565,86.46452217391304
1.725,0.5090322580645162,-0.05632904516129032,0.0030202783870967734,-0.003152041451612903,0.0003194379999999999,86.46568548387096
1.72,0.5071440342781806,-0.05635590781147001,0.003033738493737641,-0.0031574989271588665,0.00032119155075807524,86.46768436058011
1.715,0.5052607260726072,-0.05638151171617163,0.0030468744026402655,-0.0031627472145214523,0.0003229310250825083,86.46967363036305
1.7143057996485063,0.505,-0.05638488963093146,0.0030486902021089634,-0.0031634838224956063,0.00032316999033391914,86.46997082601055
1.71,0.5034394904458599,-0.05640207388535032,0.003059261656050955,-0.0031679336305732485,0.0003245890636942675,86.46832101910827
1.705,0.5016321326107747,-0.05642029193496971,0.0030712196142811603,-0.0031729317963021995,0.00032621697003506534,86.46660752311125
1.7004770318021203,0.5,-0.056437674204947,0.0030820026501766785,-0.0031773788515901055,0.00032770106360424027,86.46441908127208
1.7,0.49983384615384613,-0.05643820350769231,0.003083045310769231,-0.003177743883076923,0.00032784205353846154,86.46460270769231
1.695,0.4980991990141712,-0.05644152446087494,0.003093633163894025,-0.0031814357054836726,0.0003292910967344425,86.46679790511399
1.69,0.49636798272671195,-0.05644457706662554,0.0031041802884022203,-0.0031851261859962986,0.0003307358056755089,86.46879474090068
1.6860366398570155,0.495,-0.05644474932975872,0.0031122826764968733,-0.00318798163538874,0.00033185260232350313,86.4709652368186
1.685,0.49465465912473944,-0.05644414912176244,0.0031142515376600187,-0.003188702485858887,0.00033213293063411736,86.47065451027092
1.6799999999999997,0.4929940387481372,-0.05644274025335319,0.003123686922503724,-0.0031920668464977646,0.0003335021029806258,86.46802278688523
1.675,0.4913373134328359,-0.05643868946268656,0.003132825313432835,-0.0031953504268656717,0.000334838091641791,86.46623441791044
1.6709493670886075,0.49,-0.05643510696202532,0.003140170126582279,-0.0031980033544303796,0.00033591520886075947,86.4644664556962
1.67,0.48969740634005765,-0.056431975216138325,0.0031417081412103746,-0.0031984311239193083,0.00033613910086455326,86.46478731988472
1.665,0.48810877091748417,-0.05641346482977497,0.003149488605020196,-0.003200561716676284,0.0003372912817368724,86.46693165031738
1.6599999999999997,0.48652412597515177,-0.05639461144177982,0.0031572216180294696,-0.003202694865645767,0.00033843808119040725,86.46884911875179
1.6551782449725778,0.485,-0.05637571782449727,0.0031643947943327247,-0.0032045796800731262,0.00033953312934186474,86.47070356489945
1.655,0.4849456066945606,-0.05637490803347281,0.00316463679079498,-0.003204647648535565,0.00033957161715481173,86.47063472803347
1.65,0.4834273743016759,-0.05635032033519553,0.0031713282374301677,-0.003206609312849162,0.0003406274011173185,86.46875276536313
1.645,0.48191275167785236,-0.05632434127516779,0.003177725906040268,-0.003208434463087248,0.00034166339261744964,86.46732046979866
1.64,0.48040249195016105,-0.05629965144197115,0.003184081955760884,-0.0032102011017779643,0.00034271338681226367,86.4649651896962
1.638660922217047,0.48,-0.0562922547741034,0.0031856923684210527,-0.0032106524825337678,0.0003429842456916628,86.46451695388916
1.635,0.4789369759264269,-0.05626342410062213,0.003189417932107113,-0.0032112353232350557,0.0003436133615093318,86.46624138490668
1.63,0.4774898456539399,-0.05622490698619009,0.003194456092607635,-0.0032119874573517467,0.00034448008854589765,86.46778870836718
1.625,0.4760477094063433,-0.056184918080780695,0.0031991935632962845,-0.0032126111222553536,0.00034532603103822166,86.46965084033612
1.6213537735849055,0.475,-0.05615468660377358,0.0032025929009433956,-0.0032130906509433965,0.0003459297363207547,86.47105938679245
1.62,0.474624148768989,-0.056142767496071236,0.003203701445783132,-0.0032132656940806704,0.0003461410790990047,86.47059635935045
1.6149999999999998,0.47324200314630305,-0.0560967742920818,0.00320747274121657,-0.003213804727320399,0.0003468928095175668,86.46940090456214
1.61,0.47186580882352935,-0.056052821783088236,0.0032112068290441184,-0.0032142869852941182,0.0003476650670955883,86.4668815257353
1.605,0.4704942166140904,-0.056005801840168234,0.0032146221713985276,-0.003214696708727655,0.00034839920241850687,86.46546167192429
1.603188824662813,0.47,-0.05598899990366087,0.0032158354046242766,-0.003214839845857418,0.0003486668044315992,86.4646232177264
1.6,0.46915947181310313,-0.055952433494159466,0.0032173980777044178,-0.0032145788318943625,0.0003490440401218892,86.46559355002539
1.595,0.4678464276633614,-0.055893429150775484,0.003219549713958809,-0.003214059263920671,0.0003496113726163233,86.46764271548435
1.59,0.4665393430099314,-0.0558336845683728,0.0032216264553093952,-0.0032135488158899924,0.00035016846294881577,86.46938334606568
1.585,0.46523833800662756,-0.055771097858781545,0.0032233636515421873,-0.0032129558118786645,0.0003506864922253378,86.47198772622991
1.5840797244094489,0.465,-0.05576004005905512,0.0032236816387795275,-0.0032128406742125983,0.0003507866126968504,86.47219355314961
1.58,0.4639790640394089,-0.05570987769704433,0.0032246957376847285,-0.003212337437192118,0.0003512042820197044,86.47005027093596
1.575,0.4627336621454995,-0.05564561668310727,0.0032256118347718846,-0.0032116430678175087,0.00035167929716399494,86.46835843403204
1.5699999999999998,0.4614938271604939,-0.05558017382716048,0.0032264432716049363,-0.0032109569506172837,0.00035213887777777765,86.4665212345679
1.565,0.46026081582200257,-0.05551329572311495,0.003226965573547589,-0.003210173238566131,0.0003525770328800988,86.46514644004944
1.5639364919354835,0.46,-0.05549920181451612,0.003227065131048386,-0.0032100065070564516,0.00035267125806451603,86.46467555443547
1.56,0.4590671285236504,-0.05543913474677496,0.0032267636442904913,-0.0032088282095078836,0.0003529097541806019,86.46581796464405
1.555,0.4578880650562067,-0.0553599877541258,0.003226050529777564,-0.003207252595072949,0.00035317372231523554,86.46822133460894
1.55,0.4567157567049808,-0.05528261848659004,0.0032253145557950193,-0.0032056740924329497,0.0003534549396551724,86.46935920737548
1.545,0.4555490290098298,-0.05520092449052985,0.0032242074046991125,-0.003204007695996164,0.00035368209194437786,86.47196606329418
1.5426318510858323,0.45499999999999996,-0.055163685987590486,0.003223688133402275,-0.003203226866597725,0.00035380461892450886,86.47240005170632
1.54,0.45441033364226135,-0.05512180477293791,0.0032228930838739574,-0.003202381464318814,0.00035392770759962936,86.4710155004634
1.535,0.45329698375870076,-0.05503702415313225,0.003220971139211136,-0.003200679299303944,0.0003540957222737818,86.47009220417632
1.53,0.4521899674872272,-0.05495504486762657,0.0032190707547607987,-0.00319900128657687,0.0003542948153738969,86.46770685090571
1.525,0.45108953488372094,-0.05487011839534883,0.0032168315081395346,-0.0031972400418604652,0.00035445416290697673,86.46631445348837
1.5200212539851221,0.45,-0.054785272157279484,0.003214531997874601,-0.0031954926780021252,0.0003546074048884166,86.4644017003188
1.52,0.4499955056179776,-0.05478487456179775,0.0032145188853932583,-0.003195482579775281,0.0003546075406741573,86.46440719101123
1.515,0.4489460067491564,-0.054689117052868386,0.0032111006344206967,-0.003193026181102362,0.0003546066894263217,86.46640991001124
1.51,0.4479038071637757,-0.05459306731245776,0.0032076026943005176,-0.003190581762784411,0.00035459998873620184,86.46775390853796
1.505,0.44686780960974515,-0.054494022095646286,0.003203762139634558,-0.0031880525468080305,0.0003545518499887209,86.47018736747124
1.5,0.44583897922312565,-0.054397938798554646,0.0031999557960704595,-0.0031855725700090333,0.0003545362861336946,86.47105763324299
1.4958904867256635,0.445,-0.05431767881637168,0.0031965786559734503,-0.003183484944690265,0.00035450434181415923,86.47227671460178
1.495,0.4448243125272807,-0.05430004074639896,0.0031957800883893497,-0.003183042575294631,0.0003544924986905282,86.47198998254038
1.49,0.44384531352414247,-0.05419754998907581,0.0031910953637753984,-0.0031805209438496834,0.00035438191588376664,86.47055250163862
1.485,0.442873550645373,-0.054096067184423544,0.0031862108849267123,-0.0031779737726974405,0.0003542776941588275,86.46915285495515
1.48,0.44190976784932107,-0.053992594261936054,0.0031811740122645645,-0.003175408996933859,0.00035414672273324576,86.46745562855892
1.475,0.440952850877193,-0.05388853262061404,0.0031758793574561406,-0.0031728012313596496,0.00035400354046052635,86.46631021929825
1.47,0.4400043907793633,-0.05378411137211855,0.0031704915697036225,-0.0031702069681668497,0.00035385332403951706,86.46440702524698
1.4699766627771296,0.44,-0.053783612952158694,0.003170464854142357,-0.003170194515752626,0.00035385246791131856,86.46440233372228
1.4649999999999999,0.4390950562274559,-0.053669252652238486,0.0031640441682580095,-0.003167004260555909,0.00035355031922342455,86.46653794822831
1.46,0.4381945624468988,-0.05355569014443501,0.003157569715378081,-0.0031638509558198804,0.00035325987043330505,86.46743313508922
1.455,0.4373016379493725,-0.053440664773452454,0.003150808188683259,-0.0031606424920229735,0.00035294585056370987,86.4691403956605
1.4499999999999997,0.4364171635434412,-0.053323626426746165,0.00314388410455707,-0.0031574128396507665,0.000352604132346678,86.47045499361158
1.445,0.4355405117270789,-0.053203245671641794,0.0031365813891258,-0.003154080342217484,0.0003522159947761194,86.47297167377398
1.441885749385749,0.435,-0.05313114361179361,0.0031321110012285007,-0.0031520977518427517,0.0003520086898034398,86.473296007371
1.44,0.43468376596621344,-0.05308738389987639,0.0031292997723526986,-0.0031509297208487845,0.00035187871559538527,86.47236240214258
1.435,0.4338541666666667,-0.052968165625,0.0031214655208333334,-0.003147746979166667,0.0003514887604166666,86.47098958333332
1.43,0.43303283767038414,-0.05284550619578686,0.003113399944237918,-0.003144491174101611,0.00035105241109045847,86.46955582403966
1.4249999999999998,0.4322208436724565,-0.052721105831265505,0.003105021600496278,-0.003141175434243176,0.0003505890980148884,86.46891972704714
1.42,0.43141718426501036,-0.052599704037267075,0.0030967076428571427,-0.003137980338509317,0.0003501622127329192,86.46679504140786
1.4150000000000003,0.43062189054726374,-0.052474154477611945,0.0030879707213930354,-0.0031346642039801,0.0003496778358208955,86.46607562189054
1.411042216358839,0.43,-0.052375736015831134,0.0030810302374670185,-0.003132097678100264,0.0003493050593667546,86.46451464379948
1.41,0.42984177848988586,-0.052348343140396554,0.0030790685099138793,-0.0031313274223913477,0.00034918442279190863,86.4646847987182
1.4049999999999998,0.4290926408662523,-0.05221349151794666,0.003069263774814517,-0.003127534280128334,0.0003485557459394425,86.4666921295368
1.4,0.4283527404135715,-0.05208017288697049,0.003059453396908252,-0.0031238256936358157,0.0003479446724553303,86.46736506725557
1.395,0.4276226377161239,-0.05194507768395658,0.003049325756936067,-0.003120068348411741,0.00034730574427020505,86.46891774225975
1.39,0.42690116747181966,-0.05180774390096618,0.003039010003019323,-0.003116266401972625,0.00034663533031400963,86.470008886876
1.3850000000000002,0.4261900443369609,-0.0516667370012092,0.003028280262998792,-0.003112351947803305,0.00034591138573155994,86.47230321442967
1.38,0.42548920718176325,-0.05153090746419205,0.0030177173391164004,-0.003108667809158766,0.0003452539320153318,86.47247431914464
1.3764598540145982,0.425,-0.05142874963503649,0.0030097766788321156,-0.0031058500364963505,0.00034470535036496344,86.4741996350365
1.375,0.4248050682261209,-0.051386618518518515,0.0030064427777777773,-0.003104715584795322,0.00034447742105263155,86.47417768031187
1.37,0.4241481264637002,-0.05124830676229508,0.0029952351200234193,-0.0031011075000000003,0.00034377461651053867,86.47182514637002
1.365,0.4235013677217664,-0.051106352246971465,0.0029836189214536915,-0.0030973855041031653,0.00034301955861664704,86.47084728409533
1.36,0.4228648278560251,-0.0509601933685446,0.002971696126760563,-0.003093537853090767,0.0003422042937206572,86.46955669014085
1.355,0.4222389813907933,-0.050811830068560236,0.002959434000979432,-0.0030896310264446622,0.0003413552777668952,86.46932645445642
1.35,0.4216238478132967,-0.05066703508531084,0.0029472624436163953,-0.00308592517944695,0.00034055270798195723,86.4673066875858
1.3450000000000002,0.4210200274887099,-0.05051837286471629,0.0029346537031219332,-0.0030820920272923618,0.00033969260003926963,86.46675344590616
1.3400000000000003,0.42042756044820134,-0.050368621790839396,0.002921890280125811,-0.003078258876548064,0.00033881478523687834,86.46516533320228
1.3363197969543141,0.42,-0.050256510406091345,0.0029122240101522815,-0.00307538885786802,0.00033814043147208106,86.46487842639594
1.335,0.4198518799848083,-0.05021504677174325,0.0029086362248385857,-0.00307427678883403,0.0003378786243828332,86.46531661602734
1.33,0.41930228136882136,-0.05005755041825095,0.0028949234847908734,-0.0030700987034220535,0.0003368785431558935,86.46573961977185
1.325,0.4187645155149438,-0.0498960309251856,0.002880767222539501,-0.00306579142394822,0.0003358180239862935,86.46759509803923
1.32,0.4182380407852106,-0.0497367329807509,0.0028666358109395848,-0.0030616363626834384,0.00033478610186773387,86.4677829616924
1.315,0.4177237168479298,-0.04957486978630032,0.002852134982827704,-0.003057418370539973,0.0003337156871780194,86.46922454684218
1.31,0.4172220099350401,-0.04940978601452044,0.0028373505846388996,-0.0030531099426824608,0.00033259732709209014,86.46976152082536
1.305,0.41673264486517503,-0.049240373379231206,0.002822105301204818,-0.0030486471457257603,0.0003314131402753872,86.47178273092368
1.3,0.4162559831514455,-0.04907653316101857,0.0028070547721615927,-0.0030445130566724102,0.0003303054659199693,86.47151363201226
1.295,0.4157917944785276,-0.04890294566717791,0.002791238341641104,-0.003039959150690184,0.0003290549296395705,86.47373473926379
1.29,0.415341650671785,-0.04873656992322457,0.002775700297504798,-0.0030358406564299422,0.000327905722840691,86.4732508637236
1.2860964912280692,0.415,-0.048597542105263125,0.00276288877192982,-0.0030322087719298237,0.0003268746666666663,86.47503201754385
1.285,0.41490730441231005,-0.04855851377456433,0.002759263620689654,-0.0030312058398220248,0.0003265847519466073,86.47516182795698
1.28,0.41449888641425386,-0.048388668819599114,0.002743057616926504,-0.003027120066815145,0.0003253769220489978,86.47299287305123
1.275,0.4141042557145512,-0.04821431942947407,0.002726366593569968,-0.003022885609552128,0.00032410067626835156,86.47246453261475
1.27,0.4137227906976744,-0.04803261737674418,0.0027091637581395343,-0.0030183209972093027,0.00032271524762790695,86.47151053023255
1.265,0.41335599850968696,-0.047853665108047685,0.0026918611363636368,-0.0030139908122205662,0.00032136713487332337,86.47119011736216
1.26,0.4130035434539351,-0.04766841154419992,0.002674094731443491,-0.0030093846176799696,0.0003199238746736292,86.47013676799702
1.255,0.41266523525018667,-0.04748464471620612,0.002656163862957431,-0.003004946852128454,0.0003184997625093353,86.46997077109783
1.25,0.4123419970082274,-0.04729557114809274,0.002637822421465968,-0.003000285775056096,0.0003169946749252057,86.46882637434555
1.245,0.41203388244103334,-0.047102544037813554,0.0026190172978285287,-0.0029954915752527143,0.00031542770984649947,86.4694287813553
1.24,0.4117419415292354,-0.0469134377529985,0.0026002847704272862,-0.002991014013305847,0.0003139164846326836,86.46772710832083
1.235,0.41146462750985174,-0.046719127744417346,0.0025810220322762248,-0.0029863236451491836,0.0003123249925877275,86.46794239069243
1.23,0.4112044344231492,-0.04652139413754228,0.002561431016535137,-0.002981519201428035,0.00031067944663660277,86.46668842540397
1.225,0.4109603085026336,-0.04632128905191874,0.0025414557609104585,-0.002976682640142965,0.00030899590791948835,86.46705934913469
1.22,0.41073365982294213,-0.046118639772085135,0.0025211975051798834,-0.002971782566396685,0.0003072713050480316,86.46579395366358
1.215,0.4105233874009808,-0.04591124642587703,0.0025004277706525834,-0.002966695003772162,0.00030547278178046013,86.46641247642398
1.21,0.4103305004721435,-0.045704501227573184,0.0024795429745042494,-0.0029617435788479697,0.00030368134560906517,86.46502464589234
1.205,0.41015598411798077,-0.0454918388825865,0.002458059344866704,-0.0029565501474758935,0.0003017963077141236,86.46567609188881
1.2,0.41,-0.0452781,0.00243636,-0.00295139,0.000299892,86.4644
1.2,0.41,-0.0452781,0.00243636,-0.00295139,0.000299892,86.4644
1.195,0.4098666179426274,-0.04505721257993788,0.002413977285766491,-0.002945892219075461,0.0002978763600401974,86.46570209208843
1.19,0.4097521039151116,-0.04483532609769484,0.002391380645810465,-0.0029404386836809366,0.000295842633186974,86.46490322905231
1.185,0.4096556145814252,-0.04460811173291812,0.0023682340675947977,-0.002934760451547903,0.00029372469793002387,86.46615433229529
1.18,0.40957905355832713,-0.04437919938554659,0.0023448269928466625,-0.0029290877063462943,0.0002915778838041086,86.46525873074101
1.175,0.40952157943067036,-0.0441437805785124,0.002320801048668503,-0.0029231217805325985,0.00028932857630854,86.46654295684112
1.17,0.4094841853622655,-0.04390852956050018,0.0022966129339830822,-0.002917284443729312,0.0002870789396837073,86.46545226186099
1.165,0.40946602835573565,-0.04366671256674645,0.0022718106232737984,-0.0029111455505431783,0.0002847262913828024,86.46661454612409
1.16,0.40946994837758105,-0.04342222571902655,0.002246679625737464,-0.0029049578143436577,0.0002823295863753688,86.46548130530974
1.155,0.4094941849732324,-0.043170661343917296,0.002220900233524091,-0.0028984277247554,0.0002798215877792136,86.46670267675836
1.15,0.4095405805139582,-0.042918989369569234,0.0021949242281382878,-0.0028920236882972825,0.00027730870142355334,86.46534180994638
1.145,0.40960847834135505,-0.04265968953165494,0.002168267958163643,-0.0028852382885968158,0.00027467433395038875,86.46634389115141
1.14,0.4096987951807229,-0.04239764036144578,0.0021412780722891564,-0.002878396325301205,0.00027199437349397594,86.46501445783133
1.135,0.40981254639940606,-0.042127797568671126,0.0021135916926503344,-0.002871163880846325,0.000269191308834447,86.4660586488493
1.13,0.4099498141263941,-0.04185654977695167,0.0020856299591078056,-0.0028639765148698883,0.00026636326821561333,86.46450288104089
